{
  "Create " : {
    "transaction" : "Create ",
    "sampleCount" : 2000,
    "errorCount" : 2,
    "errorPct" : 0.1,
    "meanResTime" : 29299.629999999954,
    "medianResTime" : 28286.5,
    "minResTime" : 1602.0,
    "maxResTime" : 75319.0,
    "pct1ResTime" : 46879.0,
    "pct2ResTime" : 49241.2,
    "pct3ResTime" : 52881.37,
    "throughput" : 25.13257432958858,
    "receivedKBytesPerSec" : 11.617495668557892,
    "sentKBytesPerSec" : 8.017708451142274
  },
  "Debug Sampler" : {
    "transaction" : "Debug Sampler",
    "sampleCount" : 2000,
    "errorCount" : 0,
    "errorPct" : 0.0,
    "meanResTime" : 1.2015000000000022,
    "medianResTime" : 0.0,
    "minResTime" : 0.0,
    "maxResTime" : 208.0,
    "pct1ResTime" : 1.0,
    "pct2ResTime" : 1.0,
    "pct3ResTime" : 1.0,
    "throughput" : 0.9425852474097758,
    "receivedKBytesPerSec" : 0.27276612892963786,
    "sentKBytesPerSec" : 0.0
  },
  "Address Request" : {
    "transaction" : "Address Request",
    "sampleCount" : 2000,
    "errorCount" : 4,
    "errorPct" : 0.2,
    "meanResTime" : 21656.71650000002,
    "medianResTime" : 16813.5,
    "minResTime" : 292.0,
    "maxResTime" : 171025.0,
    "pct1ResTime" : 31813.200000000008,
    "pct2ResTime" : 61345.54999999987,
    "pct3ResTime" : 127356.78,
    "throughput" : 4.877156617691886,
    "receivedKBytesPerSec" : 1.5887361496372616,
    "sentKBytesPerSec" : 2.5503004404682073
  },
  "Total" : {
    "transaction" : "Total",
    "sampleCount" : 14000,
    "errorCount" : 22,
    "errorPct" : 0.15714286,
    "meanResTime" : 44969.08692857143,
    "medianResTime" : 24288.5,
    "minResTime" : 0.0,
    "maxResTime" : 2055401.0,
    "pct1ResTime" : 159524.5,
    "pct2ResTime" : 171530.9,
    "pct3ResTime" : 175923.97,
    "throughput" : 6.49503987722519,
    "receivedKBytesPerSec" : 2.5245136287973367,
    "sentKBytesPerSec" : 1.5839397931840125
  },
  "DELETE Request" : {
    "transaction" : "DELETE Request",
    "sampleCount" : 2000,
    "errorCount" : 6,
    "errorPct" : 0.3,
    "meanResTime" : 137598.2484999998,
    "medianResTime" : 164054.5,
    "minResTime" : 1.0,
    "maxResTime" : 193282.0,
    "pct1ResTime" : 174737.7,
    "pct2ResTime" : 176584.9,
    "pct3ResTime" : 180152.23,
    "throughput" : 0.9368677606471508,
    "receivedKBytesPerSec" : 0.3099001187714103,
    "sentKBytesPerSec" : 0.21365433965344324
  },
  "Get address" : {
    "transaction" : "Get address",
    "sampleCount" : 2000,
    "errorCount" : 6,
    "errorPct" : 0.3,
    "meanResTime" : 85147.17300000005,
    "medianResTime" : 80522.5,
    "minResTime" : 6526.0,
    "maxResTime" : 2055401.0,
    "pct1ResTime" : 158505.8,
    "pct2ResTime" : 166440.79999999996,
    "pct3ResTime" : 173877.69,
    "throughput" : 0.9339527307843896,
    "receivedKBytesPerSec" : 0.5253329059915869,
    "sentKBytesPerSec" : 0.13477649314525392
  },
  "GET Request" : {
    "transaction" : "GET Request",
    "sampleCount" : 2000,
    "errorCount" : 0,
    "errorPct" : 0.0,
    "meanResTime" : 21319.31299999997,
    "medianResTime" : 24996.0,
    "minResTime" : 293.0,
    "maxResTime" : 32044.0,
    "pct1ResTime" : 28174.5,
    "pct2ResTime" : 28544.95,
    "pct3ResTime" : 29095.99,
    "throughput" : 23.796209263864267,
    "receivedKBytesPerSec" : 10.031380321427298,
    "sentKBytesPerSec" : 3.5785641144240725
  },
  "Update Request" : {
    "transaction" : "Update Request",
    "sampleCount" : 2000,
    "errorCount" : 4,
    "errorPct" : 0.2,
    "meanResTime" : 19761.326,
    "medianResTime" : 20050.5,
    "minResTime" : 285.0,
    "maxResTime" : 169723.0,
    "pct1ResTime" : 28624.0,
    "pct2ResTime" : 28918.95,
    "pct3ResTime" : 30698.57,
    "throughput" : 8.351393221174122,
    "receivedKBytesPerSec" : 2.744125904038316,
    "sentKBytesPerSec" : 2.85965894736952
  }
}