{
  "Create " : {
    "transaction" : "Create ",
    "sampleCount" : 4000,
    "errorCount" : 452,
    "errorPct" : 11.3,
    "meanResTime" : 87687.063,
    "medianResTime" : 24701.5,
    "minResTime" : 6261.0,
    "maxResTime" : 2960838.0,
    "pct1ResTime" : 54766.3,
    "pct2ResTime" : 89869.8,
    "pct3ResTime" : 2955554.98,
    "throughput" : 1.350944698741021,
    "receivedKBytesPerSec" : 0.9722016135725698,
    "sentKBytesPerSec" : 0.3826564052003265
  },
  "Debug Sampler" : {
    "transaction" : "Debug Sampler",
    "sampleCount" : 4000,
    "errorCount" : 0,
    "errorPct" : 0.0,
    "meanResTime" : 0.05825000000000001,
    "medianResTime" : 0.0,
    "minResTime" : 0.0,
    "maxResTime" : 3.0,
    "pct1ResTime" : 0.0,
    "pct2ResTime" : 1.0,
    "pct3ResTime" : 1.0,
    "throughput" : 1.3666938752639,
    "receivedKBytesPerSec" : 0.396902449192301,
    "sentKBytesPerSec" : 0.0
  },
  "Address Request" : {
    "transaction" : "Address Request",
    "sampleCount" : 4000,
    "errorCount" : 649,
    "errorPct" : 16.225,
    "meanResTime" : 84343.69275000022,
    "medianResTime" : 75271.5,
    "minResTime" : 88.0,
    "maxResTime" : 315635.0,
    "pct1ResTime" : 145129.5,
    "pct2ResTime" : 166860.79999999996,
    "pct3ResTime" : 169990.56999999998,
    "throughput" : 1.3584294110834934,
    "receivedKBytesPerSec" : 0.6109629137733534,
    "sentKBytesPerSec" : 0.6749842061355501
  },
  "Total" : {
    "transaction" : "Total",
    "sampleCount" : 28000,
    "errorCount" : 4099,
    "errorPct" : 14.639286,
    "meanResTime" : 69410.31503571407,
    "medianResTime" : 69611.0,
    "minResTime" : 0.0,
    "maxResTime" : 2960838.0,
    "pct1ResTime" : 146828.7,
    "pct2ResTime" : 162912.35,
    "pct3ResTime" : 272300.9700000018,
    "throughput" : 9.431458224703146,
    "receivedKBytesPerSec" : 6.8436127307044154,
    "sentKBytesPerSec" : 2.112324606981873
  },
  "DELETE Request" : {
    "transaction" : "DELETE Request",
    "sampleCount" : 4000,
    "errorCount" : 452,
    "errorPct" : 11.3,
    "meanResTime" : 114125.36899999992,
    "medianResTime" : 135672.0,
    "minResTime" : 80.0,
    "maxResTime" : 172745.0,
    "pct1ResTime" : 148898.9,
    "pct2ResTime" : 151550.9,
    "pct3ResTime" : 169081.50999999998,
    "throughput" : 1.3626637623759679,
    "receivedKBytesPerSec" : 0.45280292164478964,
    "sentKBytesPerSec" : 0.3103373567968135
  },
  "Get address" : {
    "transaction" : "Get address",
    "sampleCount" : 4000,
    "errorCount" : 651,
    "errorPct" : 16.275,
    "meanResTime" : 106264.63524999999,
    "medianResTime" : 131507.5,
    "minResTime" : 85.0,
    "maxResTime" : 172820.0,
    "pct1ResTime" : 157701.7,
    "pct2ResTime" : 168146.9,
    "pct3ResTime" : 171630.83,
    "throughput" : 1.3602522723864368,
    "receivedKBytesPerSec" : 0.7257686440214702,
    "sentKBytesPerSec" : 0.19476182365281466
  },
  "GET Request" : {
    "transaction" : "GET Request",
    "sampleCount" : 4000,
    "errorCount" : 1029,
    "errorPct" : 25.725,
    "meanResTime" : 36587.243,
    "medianResTime" : 16473.0,
    "minResTime" : 722.0,
    "maxResTime" : 2946241.0,
    "pct1ResTime" : 75744.50000000001,
    "pct2ResTime" : 142719.45,
    "pct3ResTime" : 271205.3399999999,
    "throughput" : 1.3565276960564046,
    "receivedKBytesPerSec" : 2.944437089226457,
    "sentKBytesPerSec" : 0.150505356906676
  },
  "Update Request" : {
    "transaction" : "Update Request",
    "sampleCount" : 4000,
    "errorCount" : 866,
    "errorPct" : 21.65,
    "meanResTime" : 56864.14400000007,
    "medianResTime" : 40475.5,
    "minResTime" : 89.0,
    "maxResTime" : 2941273.0,
    "pct1ResTime" : 140257.30000000002,
    "pct2ResTime" : 144984.2,
    "pct3ResTime" : 169729.05999999997,
    "throughput" : 1.3568557852260115,
    "receivedKBytesPerSec" : 0.7911549147267021,
    "sentKBytesPerSec" : 0.4148606439145696
  }
}