{
  "Create " : {
    "transaction" : "Create ",
    "sampleCount" : 100,
    "errorCount" : 0,
    "errorPct" : 0.0,
    "meanResTime" : 2013.2299999999996,
    "medianResTime" : 2038.0,
    "minResTime" : 1544.0,
    "maxResTime" : 2357.0,
    "pct1ResTime" : 2321.9,
    "pct2ResTime" : 2335.0,
    "pct3ResTime" : 2356.89,
    "throughput" : 42.3728813559322,
    "receivedKBytesPerSec" : 19.489870233050848,
    "sentKBytesPerSec" : 13.531183792372882
  },
  "Debug Sampler" : {
    "transaction" : "Debug Sampler",
    "sampleCount" : 100,
    "errorCount" : 0,
    "errorPct" : 0.0,
    "meanResTime" : 0.37,
    "medianResTime" : 0.0,
    "minResTime" : 0.0,
    "maxResTime" : 2.0,
    "pct1ResTime" : 1.0,
    "pct2ResTime" : 1.0,
    "pct3ResTime" : 2.0,
    "throughput" : 13.672409078479626,
    "receivedKBytesPerSec" : 3.935624316379546,
    "sentKBytesPerSec" : 0.0
  },
  "Address Request" : {
    "transaction" : "Address Request",
    "sampleCount" : 100,
    "errorCount" : 0,
    "errorPct" : 0.0,
    "meanResTime" : 185.76999999999995,
    "medianResTime" : 185.0,
    "minResTime" : 149.0,
    "maxResTime" : 231.0,
    "pct1ResTime" : 205.0,
    "pct2ResTime" : 219.64999999999992,
    "pct3ResTime" : 230.98,
    "throughput" : 335.5704697986577,
    "receivedKBytesPerSec" : 108.47053271812081,
    "sentKBytesPerSec" : 175.6501677852349
  },
  "Total" : {
    "transaction" : "Total",
    "sampleCount" : 700,
    "errorCount" : 0,
    "errorPct" : 0.0,
    "meanResTime" : 2396.070000000002,
    "medianResTime" : 185.0,
    "minResTime" : 0.0,
    "maxResTime" : 10133.0,
    "pct1ResTime" : 7900.4,
    "pct2ResTime" : 8212.9,
    "pct3ResTime" : 9805.74,
    "throughput" : 34.084822515459905,
    "receivedKBytesPerSec" : 13.118281942347958,
    "sentKBytesPerSec" : 8.321489871938454
  },
  "DELETE Request" : {
    "transaction" : "DELETE Request",
    "sampleCount" : 100,
    "errorCount" : 0,
    "errorPct" : 0.0,
    "meanResTime" : 7652.689999999998,
    "medianResTime" : 7586.0,
    "minResTime" : 6387.0,
    "maxResTime" : 8799.0,
    "pct1ResTime" : 8209.1,
    "pct2ResTime" : 8503.949999999999,
    "pct3ResTime" : 8796.48,
    "throughput" : 7.272198385571959,
    "receivedKBytesPerSec" : 2.3719865827939786,
    "sentKBytesPerSec" : 1.661810959202967
  },
  "Get address" : {
    "transaction" : "Get address",
    "sampleCount" : 100,
    "errorCount" : 0,
    "errorPct" : 0.0,
    "meanResTime" : 6729.079999999996,
    "medianResTime" : 6615.0,
    "minResTime" : 3976.0,
    "maxResTime" : 10133.0,
    "pct1ResTime" : 9725.6,
    "pct2ResTime" : 10055.249999999998,
    "pct3ResTime" : 10132.92,
    "throughput" : 9.762764814995606,
    "receivedKBytesPerSec" : 5.462953358391096,
    "sentKBytesPerSec" : 1.4110246021673338
  },
  "GET Request" : {
    "transaction" : "GET Request",
    "sampleCount" : 100,
    "errorCount" : 0,
    "errorPct" : 0.0,
    "meanResTime" : 110.26000000000002,
    "medianResTime" : 111.0,
    "minResTime" : 86.0,
    "maxResTime" : 140.0,
    "pct1ResTime" : 123.9,
    "pct2ResTime" : 127.94999999999999,
    "pct3ResTime" : 139.96999999999997,
    "throughput" : 549.4505494505495,
    "receivedKBytesPerSec" : 225.89714972527474,
    "sentKBytesPerSec" : 82.63221153846155
  },
  "Update Request" : {
    "transaction" : "Update Request",
    "sampleCount" : 100,
    "errorCount" : 0,
    "errorPct" : 0.0,
    "meanResTime" : 81.09,
    "medianResTime" : 81.0,
    "minResTime" : 71.0,
    "maxResTime" : 95.0,
    "pct1ResTime" : 87.0,
    "pct2ResTime" : 89.0,
    "pct3ResTime" : 94.97999999999999,
    "throughput" : 625.0,
    "receivedKBytesPerSec" : 203.857421875,
    "sentKBytesPerSec" : 214.2333984375
  }
}