{
  "Create " : {
    "transaction" : "Create ",
    "sampleCount" : 3000,
    "errorCount" : 1,
    "errorPct" : 0.033333335,
    "meanResTime" : 24821.415333333312,
    "medianResTime" : 22160.5,
    "minResTime" : 3365.0,
    "maxResTime" : 69837.0,
    "pct1ResTime" : 59909.9,
    "pct2ResTime" : 63180.75,
    "pct3ResTime" : 65435.81,
    "throughput" : 41.18107317876704,
    "receivedKBytesPerSec" : 18.97401860354981,
    "sentKBytesPerSec" : 13.146213078594078
  },
  "Debug Sampler" : {
    "transaction" : "Debug Sampler",
    "sampleCount" : 3000,
    "errorCount" : 0,
    "errorPct" : 0.0,
    "meanResTime" : 0.059,
    "medianResTime" : 0.0,
    "minResTime" : 0.0,
    "maxResTime" : 2.0,
    "pct1ResTime" : 0.0,
    "pct2ResTime" : 1.0,
    "pct3ResTime" : 1.0,
    "throughput" : 5.644190246839253,
    "receivedKBytesPerSec" : 1.6342411121641707,
    "sentKBytesPerSec" : 0.0
  },
  "Address Request" : {
    "transaction" : "Address Request",
    "sampleCount" : 3000,
    "errorCount" : 6,
    "errorPct" : 0.2,
    "meanResTime" : 46630.86366666668,
    "medianResTime" : 32114.0,
    "minResTime" : 560.0,
    "maxResTime" : 119326.0,
    "pct1ResTime" : 92660.50000000003,
    "pct2ResTime" : 111718.19999999997,
    "pct3ResTime" : 118432.99,
    "throughput" : 10.136504933099069,
    "receivedKBytesPerSec" : 3.3181446341988785,
    "sentKBytesPerSec" : 5.296960658746115
  },
  "Total" : {
    "transaction" : "Total",
    "sampleCount" : 21000,
    "errorCount" : 38,
    "errorPct" : 0.18095239,
    "meanResTime" : 50354.255666666475,
    "medianResTime" : 38261.0,
    "minResTime" : 0.0,
    "maxResTime" : 141587.0,
    "pct1ResTime" : 118324.70000000001,
    "pct2ResTime" : 130844.70000000001,
    "pct3ResTime" : 138136.96000000002,
    "throughput" : 36.949063077329114,
    "receivedKBytesPerSec" : 14.367523931666227,
    "sentKBytesPerSec" : 9.008518009919063
  },
  "DELETE Request" : {
    "transaction" : "DELETE Request",
    "sampleCount" : 3000,
    "errorCount" : 2,
    "errorPct" : 0.06666667,
    "meanResTime" : 111202.64800000003,
    "medianResTime" : 117590.5,
    "minResTime" : 12620.0,
    "maxResTime" : 141587.0,
    "pct1ResTime" : 137154.3,
    "pct2ResTime" : 138188.9,
    "pct3ResTime" : 139708.93,
    "throughput" : 5.513043861776964,
    "receivedKBytesPerSec" : 1.802835332615719,
    "sentKBytesPerSec" : 1.2593841625640432
  },
  "Get address" : {
    "transaction" : "Get address",
    "sampleCount" : 3000,
    "errorCount" : 20,
    "errorPct" : 0.6666667,
    "meanResTime" : 72232.7006666667,
    "medianResTime" : 74158.5,
    "minResTime" : 1483.0,
    "maxResTime" : 141318.0,
    "pct1ResTime" : 118957.3,
    "pct2ResTime" : 129202.4,
    "pct3ResTime" : 138451.84,
    "throughput" : 6.8696259488670846,
    "receivedKBytesPerSec" : 3.9162525510642197,
    "sentKBytesPerSec" : 0.9878955938505398
  },
  "GET Request" : {
    "transaction" : "GET Request",
    "sampleCount" : 3000,
    "errorCount" : 6,
    "errorPct" : 0.2,
    "meanResTime" : 38257.20700000002,
    "medianResTime" : 21965.5,
    "minResTime" : 199.0,
    "maxResTime" : 119586.0,
    "pct1ResTime" : 117809.4,
    "pct2ResTime" : 118589.4,
    "pct3ResTime" : 118873.99,
    "throughput" : 16.923146351369645,
    "receivedKBytesPerSec" : 7.096577090925245,
    "sentKBytesPerSec" : 2.5399538297785327
  },
  "Update Request" : {
    "transaction" : "Update Request",
    "sampleCount" : 3000,
    "errorCount" : 3,
    "errorPct" : 0.1,
    "meanResTime" : 59334.89599999994,
    "medianResTime" : 87313.0,
    "minResTime" : 308.0,
    "maxResTime" : 119357.0,
    "pct1ResTime" : 117442.9,
    "pct2ResTime" : 118283.95,
    "pct3ResTime" : 118972.97,
    "throughput" : 11.355463870699118,
    "receivedKBytesPerSec" : 3.7229435373216244,
    "sentKBytesPerSec" : 3.8897047342821454
  }
}